energy_kev,unfiltered_density_photons_cm2_kev,unfiltered_bin_photons_cm2,al_mu_mm_inv,al_transmission,filtered_bin_photons_cm2
1.5,4871461.0181292882,4871461.0181292882,108.56743002802691,1.3317127600165498e-118,6.4873867977659864e-112
2.5,2683051.8569002482,2683051.8569002482,347.19946337580518,0,0
3.5,3037412.7349790749,3037412.7349790749,140.13208646129164,7.1370753305114703e-153,2.167824349940053e-146
4.5,4349289.3870713301,4349289.3870713301,70.165441785363981,6.5893037941651166e-77,2.865878906015119e-70
5.5,6210818.1564214947,6210818.1564214947,39.86281184687077,5.2420596000958229e-44,3.2557478941318735e-37
6.5,8494244.409125844,8494244.409125844,24.745345136395677,1.3585727088191695e-27,1.1540048636278184e-20
7.5,15674578.486618349,15674578.486618349,16.379074637610792,1.6468182284514231e-18,2.5813181575055616e-11
8.5,122079318.13398306,122079318.13398306,11.383491193013338,4.3705035285282773e-13,5.3354809066489909e-05
9.5,120405673.84158066,120405673.84158066,8.2231247222097661,1.1799287218272916e-09,0.14207011283665003
10.5,10319412.977685012,10319412.977685012,6.1306532395482645,2.2066213660454445e-07,2.2771037161606387
11.5,14789646.881257687,14789646.881257687,4.692010806875448,8.0484823103139033e-06,119.03421129959168
12.5,5894632.8168963585,5894632.8168963585,3.6710320407969634,0.00010333027958507134,609.09405702123729
13.5,6315200.5078867953,6315200.5078867953,2.9268795669738599,0.00066401958234806936,4193.4168036913052
14.5,7094854.3793402547,7094854.3793402547,2.3720121277337411,0.0026584013865939855,18860.970719720543
15.5,7866381.2111484809,7866381.2111484809,1.9500672337994911,0.0076338109857242674,60050.46730756024
16.5,8604461.8505065478,8604461.8505065478,1.6236737818241689,0.017263092212067888,148539.61836051484
17.5,9288658.2590271384,9288658.2590271384,1.3673803889815535,0.032763146668633759,304325.67289532244
18.5,9913670.7322978098,9913670.7322978098,1.1634263001379439,0.054553917723016279,540829.57746284921
19.5,10465004.876415888,10465004.876415888,0.99916949733058313,0.082255605200322629,860805.30953391641
20.5,10939687.973517809,10939687.973517809,0.8654563165937047,0.11490600973086074,1257035.8927376175
21.5,11336295.739713831,11336295.739713831,0.75553291100367548,0.15124832182431217,1714595.7063358165
22.5,11655295.449748272,11655295.449748272,0.66434602306066926,0.18997457004424412,2214209.741804563
23.5,11900024.728378873,11900024.728378873,0.58807866069857651,0.22988027438404784,2735580.9497366897
24.5,12073293.828147203,12073293.828147203,0.52380746713177317,0.26994996071914867,3259185.1946590776
25.5,12182039.263862321,12182039.263862321,0.46926839177316648,0.30938433281701833,3768932.0900007654
26.5,12232460.309658028,12232460.309658028,0.42268992354390156,0.34759237955527927,4251909.9868495427
27.5,12229262.687171223,12229262.687171223,0.38267276333849826,0.38416546977161786,4698060.445177651
28.5,12179235.715661483,12179235.715661483,0.34810189660227858,0.41884483849157617,5101210.0162770702
29.5,12088947.833760718,12088947.833760718,0.31808158455767871,0.45148913917663197,5458028.6510158367
30.5,11964850.819445111,11964850.819445111,0.29188181351993697,0.4820513989457918,5767673.0756912194
31.5,11811910.201998111,11811910.201998111,0.26891310449547057,0.51054180152216089,6030473.913946107
32.5,11634452.317050686,11634452.317050686,0.24869551193278797,0.53700988338332922,6247815.8820082936
33.5,11436945.38195939,11436945.38195939,0.23082804892352621,0.5615412057827166,6422316.1002565483
34.5,11223704.852347761,11223704.852347761,0.21497765544524419,0.58423958113347252,6557332.6217013793
35.5,10998628.231596908,10998628.231596908,0.20086618187716163,0.60521866609322128,6656575.1071823258
36.5,10764511.363705665,10764511.363705665,0.18826014038111666,0.62459592960772037,6723469.9819866093
37.5,10523391.19714611,10523391.19714611,0.17696258040453938,0.64248844230086322,6761157.2179770209
38.5,10277600.693047831,10277600.693047831,0.16680660647782192,0.65901003551627613,6773041.9977475554
39.5,10028954.156284498,10028954.156284498,0.15765017474903936,0.67426947268166482,6762217.6305065388
40.5,9779147.203209823,9779147.203209823,0.14937402539431982,0.68836568491311412,6731629.3624036945
41.5,9529833.5180167705,9529833.5180167705,0.14187354578928579,0.70139514408632464,6684178.9534880584
42.5,9281998.0751424376,9281998.0751424376,0.13505698590730614,0.71345032593063729,6622244.5519979196
43.5,9036253.7358247526,9036253.7358247526,0.12884703947929604,0.72461297177699679,6547786.6732469629
44.5,8793247.5677109826,8793247.5677109826,0.12317665073671233,0.73495821858931354,6462669.5679796776
45.5,8553453.8089465443,8553453.8089465443,0.11798746491106107,0.74455491975566468,6368516.114353979
46.5,8317474.7992831646,8317474.7992831646,0.11322854046416653,0.75346602526649131,6266934.6772700939
47.5,8086063.959507606,8086063.959507606,0.10885527438986427,0.7617489907898265,6159551.0606169077
48.5,7859224.246073598,7859224.246073598,0.10482850176753275,0.76945619460022807,6047328.7808936369
49.5,7636978.274657662,7636978.274657662,0.10111373844386343,0.77663534819991709,5931147.2815339556
50.5,7419553.9157317616,7419553.9157317616,0.097679954522530948,0.78333104146449595,5811966.8960121395
51.5,7206997.0923260041,7206997.0923260041,0.094500337260202613,0.78958258770566958,5690519.4137460031
52.5,6999464.5572717618,6999464.5572717618,0.091551613529580925,0.79542474717567624,5567547.3258329974
53.5,6797311.7297616499,6797311.7297616499,0.08881251609922805,0.80089030388630189,5443901.0568587324
54.5,6600134.2922336776,6600134.2922336776,0.086264084376455968,0.80600912843239336,5319768.488420018
55.5,6407898.4742245367,6407898.4742245367,0.083889378489094085,0.81080844710560795,5195578.2110963911
56.5,6220569.2061742079,6220569.2061742079,0.081673233068523629,0.81531308782403911,5071711.4875090253
57.5,16633958.155254411,16633958.155254411,0.079602044650692566,0.81954570411048999,13632288.948492402
58.5,5859985.787592236,5859985.787592236,0.077663587628379688,0.82352697854360146,4825856.3899642807
59.5,24433994.926250089,24433994.926250089,0.07584685452100616,0.8272758071925298,20213652.875551719
60.5,5518881.6045425162,5518881.6045425162,0.074142067613754026,0.83080915375979403,4585137.3555704625
61.5,5355233.4388590716,5355233.4388590716,0.072540238779018412,0.83414285948376787,4467029.7338929977
62.5,5195861.2482347051,5195861.2482347051,0.071033108742091761,0.83729169228071842,4350451.4573902423
63.5,5040572.3262753701,5040572.3262753701,0.069613337200624723,0.84026888010475764,4235436.0636864379
64.5,4889230.5180592863,4889230.5180592863,0.068274261454866453,0.8430865530132543,4122044.5043578111
65.5,4742063.530465547,4742063.530465547,0.067009824535509008,0.84575584413793026,4010627.9441645825
66.5,6812308.3922067285,6812308.3922067285,0.065814511903065503,0.84828698073997566,5778792.5178946434
67.5,8859378.3370236512,8859378.3370236512,0.064683295587205814,0.85068936634392422,7536578.9437237391
68.5,4322876.1183485277,4322876.1183485277,0.0636115847978488,0.85297165485091242,3687290.7963832323
69.5,5641922.417184541,5641922.417184541,0.062595182177642608,0.85514181744429885,4824643.7897109203
70.5,3475210.1143871737,3475210.1143871737,0.061630244982035544,0.85720720301982445,2978975.1420600335
71.5,3386070.5003309315,3386070.5003309315,0.060713250571980425,0.85917459279854824,2909225.7433090047
72.5,3298519.0162451728,3298519.0162451728,0.059840965688317829,0.8610502497135204,2840190.6226227018
73.5,3212139.9383817371,3212139.9383817371,0.059010419048455623,0.86283996310020117,2771562.7059059804
74.5,3126559.7990570958,3126559.7990570958,0.058218876867064451,0.86454908916565221,2703064.4264967567
75.5,3041802.0373744317,3041802.0373744317,0.05746382095480599,0.8661825876620165,2634755.9598885793
76.5,2957885.8807803928,2957885.8807803928,0.056742929093953384,0.86774505514536349,2566690.8467314742
77.5,2874909.0752668646,2874909.0752668646,0.056054057428306568,0.86924075516112709,2498988.1356045469
78.5,2792866.2647274318,2792866.2647274318,0.055395224637991992,0.87067364566169214,2431675.0525557855
79.5,2711663.4332183432,2711663.4332183432,0.054764597698373142,0.87204740392978652,2364699.0572693883
80.5,2631383.0958170961,2631383.0958170961,0.054160396219378369,0.87336563009991741,2298159.5555125694
81.5,2552036.2358456962,2552036.2358456962,0.053581052593990451,0.87463149361715664,2232091.2647228274
82.5,2473579.5221609422,2473579.5221609422,0.053025187475156665,0.87584778138418751,2166479.1365620201
83.5,2396143.7252605953,2396143.7252605953,0.052491439324666142,0.87701726680757564,2101459.4208061695
84.5,2319675.2806436252,2319675.2806436252,0.051978542304967866,0.87814253694394784,2037005.5358305571
85.5,2244089.135044924,2244089.135044924,0.05148531850421427,0.87922600679725504,1973061.5291026544
86.5,2169358.5875631738,2169358.5875631738,0.051010670873958552,0.88026993239724127,1909621.1372196099
87.5,2095516.0899466695,2095516.0899466695,0.05055357680699811,0.88127642277224438,1846728.9236098817
88.5,2022555.6253349721,2022555.6253349721,0.050113082290943765,0.88224745091822654,1784394.5447920987
89.5,1950464.9753224042,1950464.9753224042,0.049688296580204586,0.88318486385586947,1722621.1436857593
90.5,1879262.3913024408,1879262.3913024408,0.049278387335335586,0.88409039185855565,1661437.8239316212
91.5,1808881.8550952566,1808881.8550952566,0.048882576184210574,0.88496565692597906,1600798.3191958575
92.5,1739212.3641638879,1739212.3641638879,0.048500134664350526,0.88581218057087618,1540615.4967758423
93.5,1670285.6373190349,1670285.6373190349,0.048130380510039525,0.88663139097987076,1480927.6779498758
94.5,1602127.4788718529,1602127.4788718529,0.047772674251670512,0.88742462960358226,1421767.3845155751
95.5,1534690.9924429581,1534690.9924429581,0.047426416098134902,0.88819315722590708,1363102.0379440717
96.5,1467912.1653591092,1467912.1653591092,0.0470910430760672,0.88893815955766542,1304883.138666634
97.5,1401771.9737879343,1401771.9737879343,0.046766026402414507,0.88966075239556597,1247101.5088871913
98.5,1336187.5254862087,1336187.5254862087,0.046450869069168302,0.89036198638362929,1189690.5793729271
99.5,1271133.4977861794,1271133.4977861794,0.046145103621204164,0.89104285141076733,1132634.4163911396
100.5,1206644.2895862025,1206644.2895862025,0.045848332940507462,0.89170418519488548,1075969.763065526
101.5,1142665.4388549328,1142665.4388549328,0.045560139281071992,0.89234687542180746,1019653.9340146877
102.5,1079053.0413871016,1079053.0413871016,0.045280089430291035,0.89297184819896169,963563.98867215088
103.5,1015841.313513378,1015841.313513378,0.045007815911403591,0.89357988658486487,907735.36571750452
104.5,952962.24116718071,952962.24116718071,0.044742971989637725,0.89417173050000842,852111.89628562436
105.5,890382.71224385558,890382.71224385558,0.044485230304423043,0.89474807948824253,796668.22178972221
106.5,828097.358817845,828097.358817845,0.044234281603891951,0.89530959527902321,741403.51117483282
107.5,766020.55901574739,766020.55901574739,0.043989833573148486,0.89585690416639352,686244.80652765755
108.5,704110.90333112655,704110.90333112655,0.043751609748566386,0.89639059921918662,631158.39455375134
109.5,642339.77878571162,642339.77878571162,0.043519348511078068,0.8969112423356953,576121.76899232832
110.5,580723.32901765499,580723.32901765499,0.043292802152050953,0.89741936615491835,521152.36183839804
111.5,519244.74798265868,519244.74798265868,0.043071736005917877,0.89791547583546227,466237.89495991368
112.5,458032.37049902842,458032.37049902842,0.042855927644244139,0.89840005071224971,411496.30488417909
113.5,397192.06820390973,397192.06820390973,0.042645166126379593,0.89887354584032919,357025.44272610219
114.5,336709.47092789446,336709.47092789446,0.042439251302265987,0.89933639343431415,302815.08121946867
115.5,276602.57690853352,276602.57690853352,0.042237993163350931,0.89978900421127195,248883.95723880114
116.5,217005.99605098818,217005.99605098818,0.042041211237906141,0.90023176864424603,195355.69163138737
117.5,157813.10130890814,157813.10130890814,0.041848734027361452,0.90066505813300657,142136.74606453782
118.5,99331.347745118852,99331.347745118852,0.041660398480549324,0.90108922609809761,89506.407266930153
119.5,37413.786966888052,37413.786966888052,0.041476049503015644,0.90150460900375717,33728.701390934279
